{"cameraMode":{"drawMode":0,"name":"Shaded","section":"Shading Mode"},"sceneLighting":true,"audioPlay":false,"sceneViewState":{"m_AlwaysRefresh":false,"showFog":true,"showSkybox":true,"showFlares":true,"showImageEffects":true,"showParticleSystems":true,"showVisualEffectGraphs":true,"m_FxEnabled":true},"in2DMode":false,"pivot":{"x":18.123855590820314,"y":251.65374755859376,"z":19.16053009033203},"rotation":{"x":0.14000803232192994,"y":0.756955087184906,"z":-0.17224106192588807,"w":0.6148024201393127},"size":43.255001068115237,"orthographic":false}